continent;average Users July;average Users Total Num Feb
Africa;21.936;21582000
Asia;59.4915384615;58838461
Europe;12.49;12284615
North America;18.8685714286;18895714
South America;48.495;48767500
